{
"large - py": {
    "test file": "test/speed_test_net.json",
    "error per output": 0.017992930379696192, 
    "move then revert": 0.002812628530082293, 
    "set mask": 3.415533981751651e-05, 
    
    "simple": 0.018065348279778844, 
    "weighted msb": 0.018077618919778615, 
    "weighted lsb": 0.018063348259893246, 
    "hierarchical msb": 0.029613272729911842, 
    "hierarchical lsb": 0.029755367630277762, 
    "worst example msb": 0.02960465540003497, 
    "worst example lsb": 0.029762901429785417,

    "e4 msb": 0.029690596709842795, 
    "e4 lsb": 0.029718907359638252, 
    "e5 msb": 0.028358094820287078, 
    "e5 lsb": 0.02843404422979802, 
    "e6 msb": 0.028955945049528965, 
    "e6 lsb": 0.029878178290091456
    },
"large - gpu": {
    "test file": "test/speed_test_net.json", 
    "error per output": 0.0057327800302300605, 
    "move then revert": 0.002951180179952644, 
    "set mask": 3.460174018982798e-05, 
    
    "simple": 0.007989546720054932, 
    "weighted msb": 0.0060669069195864725, 
    "weighted lsb": 0.006045578939956613, 
    "hierarchical msb": 0.006007576429983601, 
    "hierarchical lsb": 0.006038973900140263, 
    "worst example msb": 0.007773453400004655, 
    "worst example lsb": 0.006019065710133873
    },
"small - py": {
    "test file": "test/speed_test_small.json", 
    "simple": 0.0010168338799849152, 
    "weighted msb": 0.0009657294501084834, 
    "weighted lsb": 0.0009725863998755812, 
    "hierarchical msb": 0.0016435762797482312, 
    "hierarchical lsb": 0.001665344630018808, 
    "worst example msb": 0.001639686319977045, 
    "worst example lsb": 0.0016643750405637547, 

    "e4 msb": 0.0016800819401396438, 
    "e4 lsb": 0.0017004609800642357, 
    "e5 msb": 0.0016314581199549138, 
    "e5 lsb": 0.001655983809614554, 
    "e6 msb": 0.0016536379605531692, 
    "e6 lsb": 0.0016841682797530666, 

    "error per output": 0.0009599619702203199, 
    "move then revert": 0.00038794193009380253, 
    "set mask": 9.542120387777686e-06, 
    "move then eval SIMPLE": 0.0014391879097092896, 
    "move then eval HIERARCHICAL": 0.0021467277000192554
    },
"small - gpu": {
    "test file": "test/speed_test_small.json", 
    "simple": 0.0025567918800516055, 
    "weighted msb": 0.0005625327397137881, 
    "weighted lsb": 0.0005070077796699479, 
    "hierarchical msb": 0.00046236269001383336, 
    "hierarchical lsb": 0.00046020534995477646, 
    "worst example msb": 0.00230074489954859, 
    "worst example lsb": 0.00046094988007098434, 
    "error per output": 0.0003237824299139902, 
    "move then revert": 0.0004308680701069534, 
    "set mask": 7.624439895153046e-06, 
    "move then eval SIMPLE": 0.0009729767200769856, 
    "move then eval HIERARCHICAL": 0.0009852510300697758
    }
}